INSERT INTO PUBLISHERS (PUBLISHER_ID, `NAME`, `COUNTRY`)
VALUES(
	1,
	'OREILLY',
	'US'
);
INSERT INTO PUBLISHERS (PUBLISHER_ID, `NAME`, `COUNTRY`)
VALUES(
	2,
	'HEAD FIRST',
	'US'
);
INSERT INTO PUBLISHERS (PUBLISHER_ID, `NAME`, `COUNTRY`)
VALUES(
	3,
	'PRENTICE HALL',
	'US'
);
INSERT INTO PUBLISHERS (PUBLISHER_ID, `NAME`, `COUNTRY`)
VALUES(
	4,
	'MANNING',
	'US'
);







INSERT INTO AUTHORS (AUTHOR_ID, `FIRST_NAME`, `LAST_NAME`)
VALUES(
	1,
	'JOSHUA',
	'BLOCH'
);
INSERT INTO AUTHORS (AUTHOR_ID, `FIRST_NAME`, `LAST_NAME`)
VALUES(
	2,
	'BERT',
	'BATES'
);
INSERT INTO AUTHORS (AUTHOR_ID, `FIRST_NAME`, `LAST_NAME`)
VALUES(
	3,
	'BRUCE',
	'ECKEL'
);
INSERT INTO AUTHORS (AUTHOR_ID, `FIRST_NAME`, `LAST_NAME`)
VALUES(
	4,
	'KATHY',
	'SIERRA'
);
INSERT INTO AUTHORS (AUTHOR_ID, `FIRST_NAME`, `LAST_NAME`)
VALUES(
	5,
	'ROBERT',
	'MARTIN'
);
INSERT INTO AUTHORS (AUTHOR_ID, `FIRST_NAME`, `LAST_NAME`)
VALUES(
	6,
	'MARIO',
	'FUSCO'
);
INSERT INTO AUTHORS (AUTHOR_ID, `FIRST_NAME`, `LAST_NAME`)
VALUES(
	7,
	'CRAIG',
	'WALLS'
);





INSERT INTO BOOKS (ID, `NAME`, ISBN, YEAR, `TYPE`, PUBLISHER_ID, AUTHOR_ID)
VALUES(
	1,
	'EFFECTIVE JAVA',
	123456,
	2001,
	'Computer Science',
	1,
	1
);
INSERT INTO BOOKS (ID, `NAME`, ISBN, YEAR, `TYPE`, PUBLISHER_ID, AUTHOR_ID)
VALUES(
	2,
	'JAVA',
	123457,
	2003,
	'Computer Science',
	2,
	2
);
INSERT INTO BOOKS (ID, `NAME`, ISBN, YEAR, `TYPE`, PUBLISHER_ID, AUTHOR_ID)
VALUES(
	3,
	'THINKING IN JAVA',
	123458,
	2006,
	'Computer Science',
	3,
	3
);
INSERT INTO BOOKS (ID, `NAME`, ISBN, YEAR, `TYPE`, PUBLISHER_ID, AUTHOR_ID)
VALUES(
	4,
	'DESIGN PATTERNS',
	123459,
	2004,
	'Computer Science',
	2,
	4
);
INSERT INTO BOOKS (ID, `NAME`, ISBN, YEAR, `TYPE`, PUBLISHER_ID, AUTHOR_ID)
VALUES(
	5,
	'CLEAN CODE',
	123452,
	2008,
	'Computer Science',
	3,
	5
);
INSERT INTO BOOKS (ID, `NAME`, ISBN, YEAR, `TYPE`, PUBLISHER_ID, AUTHOR_ID)
VALUES(
	6,
	'JAVA8 IN ACTION',
	123453,
	2014,
	'Computer Science',
	4,
	6
);
INSERT INTO BOOKS (ID, `NAME`, ISBN, YEAR, `TYPE`, PUBLISHER_ID, AUTHOR_ID)
VALUES(
	7,
	'SPRING BOOT IN ACTION',
	123455,
	2015,
	'Computer Science',
	4,
	7
);